<?xml version="1.0" encoding="UTF-8" standalone="yes"?>
<addon id="plugin.video.wozboxntv.beta.beta" name="WOZBOX NTV BETA" version="1.0.10" provider-name="WOZTEC">
  <requires>
    <import addon="xbmc.python" version="2.1.0"/>
  </requires>
  <extension point="xbmc.python.pluginsource" library="default.py">
        <provides>video</provides>
  </extension>
  <extension point="xbmc.addon.metadata">
    <summary lang="en">WOZBOX NTV</summary>
    <description lang="en">Stream all of your favourites sports, movies and tv from NTV.mx[CR][CR]Record or view one channel[CR][CR]Record recursively based on text search in the NTV TV guide</description>
    <platform>all</platform>
  </extension>
  <extension point="xbmc.service" library="service.py" start="login" />
</addon>

