<?xml version="1.0" encoding="UTF-8" standalone="yes"?>
<addon id="plugin.video.wozboxtutorialsbeta" version="1.0.0"
	name="WOZBOX Tutorials Beta" provider-name="WOZTEC">
  <requires>
    <import addon="xbmc.python" version="2.1.0"/>
    <import addon="plugin.video.youtube" />
    <import addon="script.module.addon.common" />
    <import addon="script.module.metahandler" />
  </requires>
  <extension point="xbmc.python.pluginsource" library="default.py">
		<provides>video</provides>
  </extension>
  <extension point="xbmc.addon.metadata">
    <summary lang="en">WOZBOX Tutorials Beta</summary>
    <description lang="en">How to videos for WOZBOX</description>
    <platform>all</platform>
  </extension>
</addon>
