<?xml version="1.0" encoding="UTF-8" standalone="yes"?>
<addon id="plugin.video.wozboxwizard" name="WOZBOX Wizard" version="1.4.7" provider-name="WOZBOX">
  <requires>
    <import addon="xbmc.python" version="2.1.0"/>
	<import addon="script.module.addon.common" />
  </requires>
  <extension point="xbmc.python.pluginsource" library="default.py">
        <provides>video executable</provides>
  </extension>
  <extension point="xbmc.addon.metadata">
    <summary lang="en">WOZBOX Wizard</summary>
    <description lang="en">Easy Install With WOZBOX Wizard</description>
    <platform>all</platform>
  </extension>
</addon>
