<?xml version="1.0" encoding="UTF-8"?>
<addon
  id="skin.wozbox"
  version="1.0.16"
  name="WOZBOX Skin"
  provider-name="WOZBOX">
  <requires>
    <import addon="xbmc.gui" version="5.10.0"/>
  </requires>
  <extension
    point="xbmc.gui.skin"
    debugging="false"
    effectslowdown="1.0">
    <res width="1280" height="720" aspect="16:9" default="true" folder="720p" />
  </extension>
  <extension point="xbmc.addon.metadata">
    <summary lang="en_GB">WOZBOX Skin</summary>
    
   
    <description lang="en_GB">Default WOZBOX skin.</description>
    
    <platform>all</platform>
  </extension>
</addon>
