﻿<?xml version="1.0" encoding="UTF-8" standalone="yes"?>
<addon id="repository.googlecode.wozbox" name="WOZBOX addons" version="1.4" provider-name="WOZTEC">
	<extension point="xbmc.addon.repository" name="WOZBOX add-on repository">
		<info compressed="false">http://raw.github.com/MXTV/wozbox/master/addons.xml</info>
		<checksum>http://raw.github.com/MXTV/wozbox/master/addons.xml.md5</checksum>
		<datadir zip="true">http://raw.github.com/MXTV/wozbox/master/</datadir>
	</extension>
	<extension point="xbmc.addon.metadata">
		<summary>Install Addons for WOZBOX</summary>
		<description>Download and install addons from the WOZBOX repository.</description>
		<platform>all</platform>
	</extension>
</addon>

